mobygames_id	en_wikipedia_id
007-licence-to-kill	007:_Licence_to_Kill
10-yard-fight_	10-Yard_Fight
19-part-1-boot-camp	19_Part_One:_Boot_Camp
1941-counter-attack	1941:_Counter_Attack
1942	1942_(video_game)
1943-kai	1943_Kai:_Midway_Kaisen
1943-the-battle-of-midway	1943:_The_Battle_of_Midway
1944-the-loop-master	1944:_The_Loop_Master
19xx-the-war-against-destiny	19XX:_The_War_Against_Destiny
221-b-baker-st	221B_Baker_Street_(video_game)
3-count-bout	3_Count_Bout
3-d-monster-chase	3D_Monster_Chase
3d-tanx	3D_Tanx
3d-tunnel	3D_Tunnel
4-d-warriors	4-D_Warriors
4-soccer-simulators	4_Soccer_Simulators
4x4-off-road-racing	4x4_Off-Road_Racing
50-mission-crush	50_Mission_Crush
64th-street-a-detective-story	64th_Street:_A_Detective_Story
720	720%C2%B0
750cc-grand-prix	750cc_Grand_Prix
a-view-to-a-kill-the-computer-game	A_View_to_a_Kill_(video_game)
aaargh	Aaargh!
ab-cop	A.B._Cop
abc-monday-night-football	ABC_Monday_Night_Football_(video_game)
abracadabra	Abracadabra_(video_game)
accolades-comics-featuring-steve-keene-thrillseeker	Accolade%27s_Comics
ace-2	Ace_2_(video_game)
ace-of-aces	Ace_of_Aces_(video_game)
acrobat-mission	Acrobat_Mission
acrojet	Acrojet
act-fancer-cybernetick-hyper-weapon	Act-Fancer:_Cybernetick_Hyper_Weapon
action-biker_	Action_Biker
action-biker	Action_Biker
action-fighter	Action_Fighter
action-force-ii-international-heroes	Action_Force_II
action-force	Action_Force_(video_game)
activision-decathlon	The_Activision_Decathlon
addams-family_	The_Addams_Family_(video_game)
adidas-championship-football	Adidas_Championship_Football
advance-of-the-megacamel	Attack_of_the_Mutant_Camels
adventure-1	Classic_Adventure
adventure-a	Adventure_A:_Planet_of_Death
adventure-quest	Jewels_of_Darkness
adventureland	Adventureland_(video_game)
aero-fighters-2	Aero_Fighters_2
aero-fighters-3	Aero_Fighters_3
aero-fighters	Aero_Fighters
after-burner-ii	After_Burner_II
after-the-war	After_the_War_(video_game)
agent-orange	Agent_Orange_(video_game)
agent-usa	Agent_USA
agent-x-ii-the-mad-profs-back	Agent_X_II:_The_Mad_Prof's_Back
agent-x-ii-the-mad-profs-back	Agent_X_II:_The_Mad_Prof%27s_Back
agent-x	Agent_X_(1986_video_game)
aggressors-of-dark-kombat	Aggressors_of_Dark_Kombat
ah-diddums	Ah_Diddums
air-buster	Air_Buster
air-duel	Air_Duel
air-gallet	Air_Gallet
airball	Airball_(video_game)
airborne-ranger	Airborne_Ranger
airwolf__	Airwolf_(video_game)
airwolf_	Airwolf_(video_game)
ajax	A_Jax
alchemist	Alchemist_(video_game)
alex-kidd-the-lost-stars	Alex_Kidd:_The_Lost_Stars
ali-baba-and-the-forty-thieves	Ali_Baba_and_the_Forty_Thieves_(video_game)
alibaba-and-40-thieves	Ali_Baba_and_40_Thieves_(video_game)
alice-in-wonderland	Alice_in_Wonderland_(1985_video_game)
alien_____	Alien_(1984_video_game)
alien-8	Alien_8
alien-garden	Alien_Garden
alien-highway-encounter-2	Alien_Highway
alien-storm	Alien_Storm
alien-syndrome	Alien_Syndrome
aliens-the-computer-game	Aliens:_The_Computer_Game_(Software_Studios)
alley-cat	Alley_Cat_(video_game)
alligator-hunt	Alligator_Hunt
alpha-mission-ii	Alpha_Mission_II
alter-ego	Alter_Ego_(1986_video_game)
altered-beast	Altered_Beast
alternate-reality-the-city	Alternate_Reality_(series)
amaurote	Amaurote
amazing-maze	The_Amazing_Maze_Game
amazing-spider-man	The_Amazing_Spider-Man_(1990_video_game)
amazon	Amazon_(video_game)
american-tag-team-wrestling	American_Tag-Team_Wrestling
android-two	Android_2
andy-capp	Andy_Capp:_The_Game
angel-kids	Angel_Kids
angler	Angler_(video_game)
annals-of-rome	Annals_of_Rome
ant-attack	Ant_Attack
anter-planter	Anter_Planter
antics	The_Birds_and_the_Bees_II:_Antics
apb	APB_(1987_video_game)
apocalypse_	Apocalypse:_The_Game_of_Nuclear_Devastation
apple-panic	Apple_Panic
arc-of-yesod	The_Arc_of_Yesod
arcadia	Arcadia_(video_game)
arch-rivals	Arch_Rivals
archon-ii-adept	Archon_II:_Adept
archon-the-light-and-the-dark	Archon:_The_Light_and_the_Dark
arcticfox	Arcticfox
arkanoid-revenge-of-doh	Arkanoid:_Revenge_of_Doh
arkanoid	Arkanoid
armed-police-batrider	Armed_Police_Batrider
armored-warriors	Armored_Warriors
army-moves	Army_Moves
arnhem-the-market-garden-operation	Arnhem_(video_game)
arnie_	Arnie_(video_game)
arnie-savage-combat-commando	Arnie_II
artillery-duel	Artillery_Duel
assault_	Assault_(1988_video_game)
asterix-and-the-magic-carpet	Asterix_and_the_Magic_Carpet_(Coktel_Vision_video_game)
asterix-and-the-magic-cauldron	Asterix_and_the_Magic_Cauldron
asteroids_	Asteroids_(video_game)
astonishing-adventures-of-mr-weems-and-the-she-vampires	The_Astonishing_Adventures_of_Mr._Weems_and_the_She_Vampires
astro-blaster	Astro_Blaster
astro-chase	Astro_Chase
asylum-ii	Asylum_(1981_video_game)
atf-advanced-tactical-fighter	ATF_(video_game)
athena	Athena_(video_game)
atic-atac	Atic_Atac
atlantis	Atlantis_(video_game)
attack-of-the-killer-tomatoes_	Attack_of_the_Killer_Tomatoes_(1986_video_game)
attack-of-the-mutant-camels	Attack_of_the_Mutant_Camels
atv-simulator	ATV_Simulator
auf-wiedersehen-monty	Auf_Wiedersehen_Monty
autoduel	Autoduel
automonopoli	Automonopoli
avalanche_	Avalanche_(video_game)
avalon___	Avalon_(video_game)
avenging-spirit	Avenging_Spirit
axe-of-rage	Barbarian_II:_The_Dungeon_of_Drax
axis-assassin	Axis_Assassin
aztarac	Aztarac
aztec-challenge	Aztec_Challenge
aztec	Aztec_(video_game)
b-1-nuclear-bomber	B-1_Nuclear_Bomber
b-wings-battle-wings	B-Wings
back-street-soccer	Back_Street_Soccer
back-to-skool	Back_to_Skool
back-to-the-future_	Back_to_the_Future_(1985_video_game)
back-to-the-future-part-iii	Back_to_the_Future_Part_III_(video_game)
bad-dudes	Bad_Dudes_Vs._DragonNinja
bad-street-brawler	Bad_Street_Brawler
badlands	Badlands_(video_game)
bagman	Bagman_(video_game)
bakutotsu-kijtei-baraduke-ii	Bakutotsu_Kij%C5%ABtei
ballblazer	Ballblazer
baltic-1985	Baltic_1985:_Corridor_to_Berlin
bang-bang-ball	Bang_Bang_Ball
bank-panic	Bank_Panic
barbarian	Barbarian_(1987_video_game)
barmy-burgers	Barmy_Burgers
baseball-stars-2_	Baseball_Stars_2
baseball-stars-professional	Baseball_Stars_Professional
basketball	Basketball_(1978_video_game)
batman__	Batman_(1989_Ocean_video_game)
batman_	Batman_(1986_video_game)
batman-the-caped-crusader	Batman:_The_Caped_Crusader
battle-bakraid	Battle_Bakraid
battle-chess	Battle_Chess
battle-chopper_	Mr._Heli
battle-cross	Battle_Cross_(1982_video_game)
battle-for-midway	The_Battle_For_Midway
battle-garegga	Battle_Garegga
battle-of-britain__	Battle_of_Britain_(video_game)
battle-of-the-bulge-tigers-in-the-snow	Tigers_in_the_Snow
battle-of-the-planets	List_of_Gatchaman_video_games#Battle_of_the_Planets
battlecars	Battlecars_(video_game)
battles-of-napoleon	Battles_of_Napoleon
battletech-the-crescent-hawks-inception	BattleTech:_The_Crescent_Hawk%27s_Inception
battletoads__	Battletoads_Arcade
battlezone_	Battlezone_(1980_video_game)
batty_	Batty_(video_game)
batty	Batty_(video_game)
bazooka-bill	Bazooka_Bill
bc-ii-grogs-revenge	B.C._II:_Grog%27s_Revenge
bcs-quest-for-tires	B.C.%27s_Quest_for_Tires
beach-buggy-simulator	Beach_Buggy_Simulator
beach-head-ii-the-dictator-strikes-back	Beach_Head_II:_The_Dictator_Strikes_Back
beach-head	Beach_Head_(video_game)
beach-volley	Beach_Volley
beaky-and-the-egg-snatchers	Beaky_and_the_Egg_Snatchers
beamrider	Beamrider
bear-bovver	Bear_Bovver
beast-busters	Beast_Busters
bee-52	Bee_52
belegost	Belegost_(video_game)
ben-bero-beh	Ben_Bero_Beh
beneath-apple-manor	Beneath_Apple_Manor
benny-hills-madcap-chase	Benny_Hill's_Madcap_Chase
berlinwall_	The_Berlin_Wall_(video_game)
berzerk	Berzerk_(video_game)
beyond-castle-wolfenstein	Beyond_Castle_Wolfenstein
beyond-the-black-hole	Beyond_the_Black_Hole_(video_game)
beyond-the-ice-palace	Beyond_the_Ice_Palace
big-karnak	Big_Karnak
big-trouble-in-little-china	Big_Trouble_in_Little_China_(video_game)
bio-ship-paladin	Bio-ship_Paladin
biomechanical-toy	Biomechanical_Toy
bionic-commando	Bionic_Commando_(arcade)
bismarck	Bismarck_(video_game)
black-gold_	Black_Gold_(video_game)
black-lamp	Black_Lamp_(video_game)
black-magic_	Black_Magic_(video_game)
blade-master	Blade_Master
blade-runner_	Blade_Runner_(1985_video_game)
blagger	Blagger_(video_game)
blasteroids	Blasteroids
blazeon	BlaZeon
blazing-star	Blazing_Star
blockout	Blockout
blood-bros	Blood_Bros.
blood-money	Blood_Money_(video_game)
blood-warrior	Blood_Warrior
bloodstorm	BloodStorm
bloodwych	Bloodwych
blue-hawk	Blue_Hawk_(video_game)
blue-max-2001	Blue_Max_(video_game)
blue-max	Blue_Max_(video_game)
blue-thunder	Airwolf_(video_game)
blueprint	Blue_Print_(video_game)
blues-journey	Blue%27s_Journey
bmx-simulator	BMX_Simulator
bobby-bearing	Bobby_Bearing
boggit-bored-too	The_Boggit
bomb-bee	Bomb_Bee
bomb-jack	Bomb_Jack
bonanza-bros	Bonanza_Bros.
bonka	Bonka
bonze-adventure	Bonze_Adventure
boot-camp	Combat_School
boot-hill	Boot_Hill_(video_game)
booty	Booty_(video_game)
bopn-wrestle	Rock%27n_Wrestle
border-zone	Border_Zone_(video_game)
bored-of-the-rings	Bored_of_the_Rings_(video_game)
borrowed-time	Borrowed_Time_(video_game)
bosconian-87	Bosconian_'87
boulder-dash_	Boulder_Dash
boulder-dash-iii	Boulder_Dash_III
boulder-dash	Boulder_Dash
bounces	Bounces_(video_game)
bounty-bob-strikes-back	Bounty_Bob_Strikes_Back!
brain-strainers	Brain_Strainers
bravestarr	BraveStarr
breakthru_	BreakThru_(video_game)
brian-bloodaxe	Brian_Bloodaxe
brian-jacks-superstar-challenge	Brian_Jacks_Superstar_Challenge
broadsides	Broadsides_(video_game)
bruce-lee	Bruce_Lee_(video_game)
bubble-bobble	Bubble_Bobble
bubble-dizzy	Bubble_Dizzy
bubble-ghost	Bubble_Ghost
bubbler	Bubbler_(video_game)
bubbles	Bubbles_(video_game)
buck-rogers-countdown-to-doomsday	Buck_Rogers:_Countdown_to_Doomsday
buck-rogers-planet-of-zoom	Buck_Rogers#Planet_of_Zoom_video_game
bugaboo-the-flea	Bugaboo_(The_Flea)
buggy-ranger	Buggy_Boy
bugsy	Bugsy_(video_game)
bumpy	Bumpy_(video_game)
burgertime	BurgerTime
burning-force	Burning_Force
bust-a-move__	Puzzle_Bobble
bust-a-move-again	Puzzle_Bobble_2
buster-bros	Pang_(video_game)
by-fair-means-or-foul	By_Fair_Means_or_Foul
cabal	Cabal_(video_game)
cadash	Cadash
cadillacs-and-dinosaurs	Cadillacs_and_Dinosaurs_(video_game)
caliber50	Caliber_.50
canyon-climber	Canyon_Climber
captain-america-and-the-avengers	Captain_America_and_The_Avengers
captain-america-in-the-doom-tube-of-dr-megalomann	Captain_America_in:_The_Doom_Tube_of_Dr._Megalomann
captain-blood	Captain_Blood_(video_game)
captain-commando	Captain_Commando
captain-dynamo	Captain_Dynamo_(video_game)
captain-planet	Captain_Planet_and_the_Planeteers_(video_game)
captain-zapp	Flash_Gordon_(video_game)
capture-the-flag_	Capture_the_Flag_(video_game)
card-sharks_	Card_Sharks_(video_game)
carnival	Carnival_(video_game)
carrier-air-wing	Carrier_Air_Wing_(video_game)
carrier-command	Carrier_Command
carriers-at-war-1941-1945-fleet-carrier-operations-in-the-pacifi	Carriers_at_War
castle-master	Castle_Master
castle-of-terror	Castle_of_Terror
castle-wolfenstein	Castle_Wolfenstein
castles-of-dr-creep	The_Castles_of_Dr._Creep
catalypse	Catalypse
cauldron-ii-the-pumpkin-strikes-back	Cauldron_II:_The_Pumpkin_Strikes_Back
cauldron	Cauldron_(video_game)
caverns-of-mars	Caverns_of_Mars
centipede_	Centipede_(video_game)
champion-boxing	Champion_Boxing
champions-of-krynn	Champions_of_Krynn
championship-3d-snooker	Championship_3D_Snooker
championship-baseball	Championship_Baseball
championship-lode-runner	Championship_Lode_Runner
championship-sprint	Super_Sprint
chaos	Chaos:_The_Battle_of_Wizards
charlie-and-the-chocolate-factory_	Charlie_and_the_Chocolate_Factory_video_games#Charlie_and_the_Chocolate_Factory_(1985)
chase-hq	Chase_H.Q.
chequered-flag	Chequered_Flag_(video_game)
chessmaster-2000	Chessmaster_2000
chiller	Chiller_(video_game)
chimera	Chimera_(video_game)
cholo	Cholo_(video_game)
chop-n-drop	International_Karate_%2B
chop-n-drop	International_Karate_+
choplifter	Choplifter
chronicles-of-osgorth-the-shattered-alliance	The_Shattered_Alliance
chronos-a-tapestry-of-time	Chronos_(video_game)
chuck-rock	Chuck_Rock
chuck-yeagers-advanced-flight-simulator	Chuck_Yeager's_Advanced_Flight_Trainer
chuck-yeagers-advanced-flight-simulator	Chuck_Yeager%27s_Advanced_Flight_Trainer
chuckie-egg-ii	Chuckie_Egg_2
chuckie-egg	Chuckie_Egg
circus-charlie	Circus_Charlie
cisco-heat-all-american-police-car-race	Cisco_Heat
city-connection_	City_Connection
cjs-elephant-antics	CJ's_Elephant_Antics
cjs-elephant-antics	CJ%27s_Elephant_Antics
cliffhanger-edward-randy	The_Cliffhanger:_Edward_Randy
cloud-kingdoms	Cloud_Kingdoms
codename-mat	Codename_MAT
colonial-conquest	Colonial_Conquest
colony_	Colony_(video_game)
colossal-adventure	Jewels_of_Darkness
colossal-cave-adventure___	Colossal_Cave_Adventure
colossus-chess-20	Colossus_Chess
colossus-chess-4	Colossus_Chess
colour-of-magic	The_Colour_of_Magic_(video_game)
columns	Columns_(video_game)
combatribes	The_Combatribes
commando	Commando_(video_game)
computer-baseball	Computer_Baseball
computer-football-strategy	Computer_Football_Strategy
conan-hall-of-volta	Conan:_Hall_of_Volta
conflict	Conflict:_Middle_East_Political_Simulator
confuzion	Confuzion
congo-bongo	Congo_Bongo
contact-sam-cruise	Contact_Sam_Cruise
continental-circus	Continental_Circus
contra	Contra_(video_game)
cookie	Cookie_(video_game)
cops-n-robbers	Cops_%27n%27_Robbers
corridors-of-genon	Corridors_of_Genon
cosmic-avenger	Cosmic_Avenger
cosmic-balance-ii	Cosmic_Balance_II
cosmic-cruiser	Cosmic_Cruiser
cosmic-guerilla__	Cosmic_Guerilla
cosmic-guerilla	Cosmic_Guerilla
cosmic-wartoad	Cosmic_Wartoad
cosmo-gang-the-video	Cosmo_Gang_the_Video
count-duckula-2-featuring-tremendous-terence	Count_Duckula_2
crack-down	Crack_Down
crazy-balloon__	Crazy_Balloon
crazy-comets	Crazy_Comets
crime-and-punishment	Crime_and_Punishment_(video_game)
crime-fighters	Crime_Fighters
crimson-crown	Transylvania_(series)
crossbow	Crossbow_(video_game)
crossed-swords	Crossed_Swords_(video_game)
crossfire	Crossfire_(1981_video_game)
crosswize	Crosswize
cruisn-world	Cruis%27n_World
crush-crumble-and-chomp	Crush,_Crumble_and_Chomp!
crystal-castles	Crystal_Castles_(video_game)
crystal-kingdom-dizzy	Crystal_Kingdom_Dizzy
curse-of-sherwood	The_Curse_of_Sherwood
curse-of-the-azure-bonds	Curse_of_the_Azure_Bonds
cuthbert-goes-walkabout	Cuthbert_Goes_Walkabout
cutie-q	Cutie_Q
cutthroats	Cutthroats_(video_game)
cyber-lip	Cyber-Lip
cyberball	Cyberball
cybernoid-ii-the-revenge	Cybernoid_II:_The_Revenge
cybernoid-the-fighting-machine	Cybernoid
cybertron-mission	Cybertron_Mission
cyberun	Cyberun
cycles-international-grand-prix-racing	The_Cycles:_International_Grand_Prix_Racing
cyclone	Cyclone_(video_game)
cytron-masters	Cytron_Masters
d-d-crew	D._D._Crew
dalek-attack	Dalek_Attack
daley-thompsons-decathlon	Daley_Thompson's_Decathlon
daley-thompsons-decathlon	Daley_Thompson%27s_Decathlon
dam-busters	The_Dam_Busters_(video_game)
dan-dare-pilot-of-the-future_	Dan_Dare:_Pilot_of_the_Future
dan-dare-pilot-of-the-future	Dan_Dare:_Pilot_of_the_Future
dandy_	Dandy_(video_game)
dandy	Dandy_(video_game)
dangerous-seed	Dangerous_Seed
daredevil-denis_	Daredevil_Dennis
darius	Darius_(video_game)
dark-fusion	Dark_Fusion
dark-sceptre	Dark_Sceptre
dark-side	Dark_Side_(video_game)
darkman	Darkman_(video_game)
darkstalkers-the-night-warriors	Darkstalkers:_The_Night_Warriors
davids-midnight-magic	David%27s_Midnight_Magic
days-of-thunder	Days_of_Thunder_(video_game)
deactivators	Deactivators
dead-angle	Dead_Angle
dead-connection	Dead_Connection
death-bringer	Death_Bringer
death-knights-of-krynn	Death_Knights_of_Krynn
death-or-glory	Death_or_Glory_(video_game)
death-sword	Barbarian:_The_Ultimate_Warrior
death-wish-3	Death_Wish_3_(video_game)
deathchase	Deathchase
deathlord	Deathlord
decisive-battles-of-the-american-civil-war-volume-one	Decisive_Battles_of_the_American_Civil_War_Volume_1:_Bull_Run_to_Chancellorsville
defender	Defender_(1981_video_game)
deflektor	Deflektor
deliverance-stormlord-ii	Deliverance:_Stormlord_II
delta-patrol	Delta_(video_game)
demon-attack	Demon_Attack
demon-stalkers	Demon_Stalkers
demons-winter	Demon%27s_Winter
denjinmakai	Denjin_Makai
detective	The_Detective_(video_game)
devon-aire-in-the-hidden-diamond-caper	Inside_Outing
dig-dug	Dig_Dug
dimahoo	Dimahoo
dimension-x	Dimension_X_(video_game)
dino-eggs	Dino_Eggs
discs-of-tron	Discs_of_Tron
disneys-duck-tales-the-quest-for-gold	DuckTales:_The_Quest_for_Gold
dizzy-down-the-rapids	Dizzy_Down_the_Rapids
dizzy-panic	Dizzy_Panic
dizzy-prince-of-the-yolkfolk	Dizzy_Prince_of_the_Yolkfolk
dizzy-the-ultimate-cartoon-adventure	Dizzy_%E2%80%93_The_Ultimate_Cartoon_Adventure
dj-boy	DJ_Boy
do-run-run	Do!_Run_Run
doc-the-destroyer	Doc_the_Destroyer
doctor-who-and-the-mines-of-terror	Doctor_Who_and_the_Mines_of_Terror
dodonpachi	DoDonPachi
don-doko-don	Don_Doko_Don
donald-ducks-playground	Donald_Duck%27s_Playground
donkey-kong-junior	Donkey_Kong_Jr.
donkey-kong	Donkey_Kong_(video_game)
donpachi	DonPachi
doomdarks-revenge	Doomdark's_Revenge
doomdarks-revenge	Doomdark%27s_Revenge
doriath	Doriath_(video_game)
double-dragon_	Double_Dragon_(video_game)
double-dragon-3-the-rosetta-stone	Double_Dragon_3:_The_Rosetta_Stone
double-dragon-ii-the-revenge	Double_Dragon_II:_The_Revenge
double-dragon	Double_Dragon_(video_game)
dough-boy	Dough_Boy_(video_game)
draconus	Draconus
dracula_	Dracula_(1986_video_game)
drag-race-eliminator	Drag_Race_Eliminator
dragon-breed	Dragon_Breed
dragon-buster	Dragon_Buster
dragon-master	Dragon_Master
dragon-saber-after-story-of-dragon-spirit	Dragon_Saber
dragon-skulle	Dragon_Skulle
dragon-spirit	Dragon_Spirit
dragon-wars	Dragon_Wars
dragonriders-of-pern	Dragonriders_of_Pern_(video_game)
dragons-eye	Dragon%27s_Eye_(video_game)
dragons-lair_	Dragon%27s_Lair_(1983_video_game)
dragons-of-flame	Dragons_of_Flame_(video_game)
dragontorc	Dragontorc
dragonworld	Dragonworld_(video_game)
dreadnaught-factor	The_Dreadnaught_Factor
drelbs	Drelbs
drol	Drol
dropzone	Dropzone
druid	Druid_(video_game)
ducks-ahoy	Ducks_Ahoy!
duel-test-drive-ii	The_Duel:_Test_Drive_II
dukes-of-hazzard_	The_Dukes_of_Hazzard_(video_game)
dun-darach	Dun_Darach
dungeon-adventure	Jewels_of_Darkness
dungeons-dragons-shadow-over-mystara	Dungeons_&_Dragons:_Shadow_over_Mystara
dungeons-dragons-tower-of-doom	Dungeons_&_Dragons:_Tower_of_Doom
dunzhin	Dunzhin
dynamite-dan-ii	Dynamite_Dan_II
dynamite-dan	Dynamite_Dan
dynamite-duke	Dynamite_Duke
dynamite-dx	Dynamite_D%C3%BCx
dynasty-wars	Dynasty_Wars
earth-defense-force	Earth_Defense_Force_(video_game)
earth-orbit-stations	Earth_Orbit_Stations
earthlight	Earthlight_(video_game)
eastern-front-1941	Eastern_Front_(1941)
eco-fighters	Eco_Fighters
eddie-kidd-jump-challenge	Eddie_Kidd_Jump_Challenge
eidolon	The_Eidolon
elevator-action	Elevator_Action
elidon	Elidon
eliminator___	Eliminator_(video_game)
elite	Elite_(video_game)
eliza	ELIZA
elvira-ii-the-jaws-of-cerberus	Elvira_II:_The_Jaws_of_Cerberus
elvira	Elvira:_Mistress_of_the_Dark_(video_game)
emerald-isle	Emerald_Isle_(video_game)
emerald-mine	Emerald_Mine
emeraldia	Emeraldia
emlyn-hughes-international-soccer	Emlyn_Hughes_International_Soccer
empire-city-1931	Empire_City:_1931
empire-of-the-over-mind	Empire_of_the_Overmind
empire	Empire!
enchanter	Enchanter_(video_game)
encounter-	Encounter_(video_game)
enduro-racer_	Enduro_Racer
enduro	Enduro_(video_game)
entombed____	Entombed_(video_game)
epidemic__	Epidemic!
equinox_	Equinox_(1986_video_game)
escape-from-the-planet-of-the-robot-monsters	Escape_from_the_Planet_of_the_Robot_Monsters
eternal-dagger	The_Eternal_Dagger
eureka	Eureka!_(video_game)
europe-ablaze	Europe_Ablaze
european-soccer-challenge	European_Soccer_Challenge
european-superleague	European_Superleague
evening-star	Evening_Star_(video_game)
everest-ascent	Everest_Ascent
everyones-a-wally-the-life-of-wally	Everyone's_A_Wally
everyones-a-wally-the-life-of-wally	Everyone%27s_A_Wally
evil-dead	The_Evil_Dead_(video_game)
excalibur	Excalibur_(video_game)
exile	Exile_(1988_video_game)
exodus-ultima-iii	Ultima_III:_Exodus
exolon	Exolon
expedition-amazon	Expedition_Amazon
exvania	Exvania
eye-of-horus	Eye_of_Horus_(video_game)
f-1-grand-prix	F-1_Grand_Prix_(video_game_series)
f-15-strike-eagle	F-15_Strike_Eagle_(video_game)
face-off	Face_Off_(video_game)
fahrenheit-451	Fahrenheit_451_(video_game)
fairlight-ii	Fairlight_II_(video_game)
fairlight	Fairlight_(video_game)
fairyland-story	The_Fairyland_Story
falcon-patrol-ii	Falcon_Patrol_II
falklands-82	Falklands_'82
falklands-82	Falklands_%2782
fantasia-diamond	Fantasia_Diamond
fantasy-world-dizzy	Fantasy_World_Dizzy
farmers-daughter	The_Farmer%27s_Daughter_(video_game)
fast-food	Fast_Food_(1987_video_game)
fat-worm-blows-a-sparky	Fat_Worm_Blows_a_Sparky
fatal-fury-2	Fatal_Fury_2
fatal-fury-3-road-to-the-final-victory	Fatal_Fury_3:_Road_to_the_Final_Victory
fatal-fury-special	Fatal_Fury_Special
fatal-fury	Fatal_Fury:_King_of_Fighters
felix-in-the-factory	Felix_in_the_Factory
fellowship-of-the-ring	Lord_of_the_Rings:_Game_One
feud	Feud_(video_game)
fight-night	Fight_Night_(1985_video_game)
fighters-history	Fighter%27s_History
final-assault	Final_Assault
final-blow	Final_Blow
finders-keepers	Finders_Keepers_(1985_video_game)
finest-hour	Finest_Hour_(arcade_game)
firebirds	Firebirds_(video_game)
firelord	Firelord_(video_game)
first-samurai	First_Samurai_(video_game)
fish	Fish!
flashgal	Flashgal
flicky	Flicky
flintstones_	The_Flintstones_(1988_video_game)
flip-and-flop	Flip_and_Flop
flunky	Flunky_(video_game)
fooblitzky	Fooblitzky
food-fight	Food_Fight_(video_game)
football-manager	Football_Manager_(1982_series)
forbidden-forest	Forbidden_Forest_(video_game)
forgotten-worlds	Forgotten_Worlds
formula-one	Formula_One_(1985_video_game)
fort-apocalypse	Fort_Apocalypse
fourth-protocol	The_Fourth_Protocol_(video_game)
fraction-fever	Fraction_Fever
frak	Frak!
frankenstein	Frankenstein_(video_game)
frankie-goes-to-hollywood	Frankie_Goes_to_Hollywood_(video_game)
frantic-freddie	Frantic_Freddie
frenzy____	Frenzy_(1982_video_game)
frenzy___	Frenzy_(1982_video_game)
frenzy	Frenzy_(1982_video_game)
frogger-ii-threeedeep	Frogger_II:_ThreeeDeep!
frogger	Frogger
frogrun	Frogrun!
full-throttle_	Full_Throttle_(1984_video_game)
fury__	The_Fury_(video_game)
future-knight	Future_Knight
g-loc-air-battle	G-LOC:_Air_Battle
gain-ground	Gain_Ground
galactic-empire_	Galactic_Empire_(1980_video_game)
galaga-88	Galaga_%2788
galaxian	Galaxian
galaxy-fight-universal-warriors	Galaxy_Fight:_Universal_Warriors
galaxy-force-ii	Galaxy_Force_(video_game)
galaxy-game	Galaxy_Game
gals-panic	Gals_Panic
game-of-harmony	E-Motion
game-over-ii	Game_Over_II
game-over	Game_Over_(video_game)
gang-wars	Gang_Wars_(video_game)
gaplus	Gaplus
garfield-big-fat-hairy-deal	Garfield:_Big_Fat_Hairy_Deal
garfield-winters-tail	Garfield:_Winter's_Tail
gateway-to-apshai	Gateway_to_Apshai
gateway-to-the-savage-frontier	Gateway_to_the_Savage_Frontier
gato	Gato_(video_game)
gauntlet__	Gauntlet_(Donald_R._Lebeau_video_game)
gauntlet-ii	Gauntlet_II
gauntlet-iii-the-final-quest	Gauntlet_III:_The_Final_Quest
gauntlet	Gauntlet_(1985_video_game)
gazza-ii	Gazza_II
gba-championship-basketball-two-on-two	GBA_Championship_Basketball:_Two-on-Two
gee-bee	Gee_Bee_(video_game)
gemstone-healer	Gemstone_Healer
gemstone-warrior	Gemstone_Warrior
gemx	Gem%27X
genpei-tma-den	Genpei_T%C5%8Dma_Den
germany-1985	Germany_1985
getaway_	Getaway!_(video_game)
ghettoblaster	Ghetto_Blaster_(video_game)
ghost-hunters	Ghost_Hunters_(video_game)
ghost-pilots	Ghost_Pilots
ghost-town	Ghost_Town_(video_game)
ghostbusters	Ghostbusters_(video_game)
ghosts-n-goblins	Ghosts_%27n_Goblins_(video_game)
ghouls	Ghouls_(video_game)
gi-joe-a-real-american-hero__	G.I._Joe_(arcade_game)
gift-from-the-gods	Gift_from_the_Gods
giga-wing	Giga_Wing
gladiator__	Gladiator_(video_game)
glider-rider	Glider_Rider_(video_game)
gnome-ranger	Gnome_Ranger
godzilla_	Godzilla_(1983_video_game)
golden-axe	Golden_Axe_(video_game)
golden-basket	Golden_Basket
goody	Goody_(video_game)
gorf	Gorf
gossip	Gossip_(video_game)
gp-rider	GP_Rider
graham-goochs-test-cricket	Graham_Gooch's_Test_Cricket
graham-goochs-test-cricket	Graham_Gooch%27s_Test_Cricket
grand-national	Grand_National_(video_game)
grand-prix-500-cc	500cc_Grand_Prix
grand-prix-circuit	Grand_Prix_Circuit_(video_game)
grand-prix-simulator	Grand_Prix_Simulator
grange-hill	Grange_Hill_(video_game)
grannys-garden_	Granny%27s_Garden
great-american-cross-country-road-race	The_Great_American_Cross-Country_Road_Race
great-britain-limited	Great_Britain_Ltd
great-escape	The_Great_Escape_(1986_video_game)
gremlins-2-the-new-batch	Gremlins_2:_The_New_Batch_(video_game)
gremlins-the-adventure	Gremlins:_The_Adventure
gribblys-day-out	Gribbly%27s_Day_Out
gridrunner	Gridrunner
grobda	Grobda
growl	Growl_(video_game)
guardians-of-the-hood	Guardians_of_the_%27Hood
guerrilla-war	Guerrilla_War_(video_game)
guild-of-thieves	The_Guild_of_Thieves
gunforce	GunForce
gunfright	Gunfright
gunship	Gunship_(video_game)
guwange	Guwange
gyrodine	Gyrodine
gyroscope	Gyroscope_(video_game)
gyruss	Gyruss
hacker-ii-the-doomsday-papers	Hacker_II:_The_Doomsday_Papers
hacker	Hacker_(video_game)
hades-nebula	Hades_Nebula
halley-project-a-mission-in-our-solar-system	The_Halley_Project
halls-of-the-things	Halls_of_the_Things
hammerfist	Hammerfist
hammerin-harry	Hammerin%27_Harry
hang-on	Hang-On
hans-kloss	Hans_Kloss_(video_game)
hard-drivin	Hard_Drivin'
hard-drivin	Hard_Drivin%27
hard-hat-mack	Hard_Hat_Mack
hard-head	Hard_Head
hardball	HardBall!
harrier-attack	Harrier_Attack
hate-hostile-all-terrain-encounter	H.A.T.E.:_Hostile_All-Terrain_Encounter
hatris	Hatris
head-over-heels	Head_over_Heels_(video_game)
heart-of-africa	Heart_of_Africa
heartland	Heartland_(video_game)
heartlight	Heartlight_(video_game)
heavy-on-the-magick	Heavy_on_the_Magick
heavy-unit	Heavy_Unit
heberekes-popoon	Hebereke%27s_Popoon
heiankyo-alien	Heiankyo_Alien
hercules	Hercules_(1984_video_game)
hero-of-the-golden-talisman	Hero_of_the_Golden_Talisman
hero	H.E.R.O.
heroes-of-karn	The_Heroes_Of_Karn
heroes-of-the-lance	Advanced_Dungeons_%26_Dragons:_Heroes_of_the_Lance
heroquest	HeroQuest_(video_game)
hesgames	Hes_Games
hi-res-adventure-2-the-wizard-and-the-princess	Wizard_and_the_Princess
hi-res-adventure-4-ulysses-and-the-golden-fleece	Ulysses_and_the_Golden_Fleece
highlander	Highlander_(video_game)
highnoon	High_Noon_(video_game)
highway-encounter	Highway_Encounter
hillsfar	Hillsfar
hitchhikers-guide-to-the-galaxy	The_Hitchhiker%27s_Guide_to_the_Galaxy_(video_game)
hkm	Human_Killing_Machine
hobbit	The_Hobbit_(1982_video_game)
hollywood-hijinx	Hollywood_Hijinx
hollywood-or-bust	Hollywood_or_Bust_(video_game)
hook___	Hook_(video_game)
hoppin-mad	Hoppin'_Mad
hoppin-mad	Hoppin%27_Mad
hopping-mappy	Hopping_Mappy
hostage-rescue-mission	Hostages_(video_game)
hot-rod	Hot_Rod_(video_game)
hot-wheels	Hot_Wheels_(video_game)
hotshot	HotShot_(video_game)
hover-bovver	Hover_Bovver
how-to-be-a-complete-bastard	How_to_Be_a_Complete_Bastard
howard-the-duck	Howard_the_Duck_(video_game)
hudson-hawk	Hudson_Hawk_(video_game)
hulk	Questprobe
hunchback	Hunchback_(video_game)
hundra	Hundra_(video_game)
hungry-horace	Horace_series
hunt-for-red-october	The_Hunt_for_Red_October_(1987_video_game)
hunter-patrol	Hunter_Patrol
hydra	Hydra_(video_game)
hydrofool	Hydrofool
hypaball	Hypaball
hyper-duel	Hyper_Duel
hyper-sports	Hyper_Sports
i-ball	I,_Ball
ian-flemings-james-bond-007-in-live-and-let-die-the-computer-gam	Live_and_Let_Die_(video_game)
ikari-warriors-ii-victory-road	Victory_Road_(video_game)
ikari-warriors	Ikari_Warriors
ikki	Ikki_(video_game)
imagefight	Image_Fight
imhotep	Imhotep_(video_game)
impossamole	Impossamole
impossible-mission-ii	Impossible_Mission_II
impossible-mission	Impossible_Mission
in-search-of-the-most-amazing-thing	In_Search_of_the_Most_Amazing_Thing
in-the-hunt	In_the_Hunt
incredible-shrinking-fireman	The_Incredible_Shrinking_Fireman
incredible-shrinking-sphere	Incredible_Shrinking_Sphere
indiana-jones-and-the-last-crusade-the-action-game	Indiana_Jones_and_the_Last_Crusade:_The_Action_Game
indiana-jones-and-the-temple-of-doom	Indiana_Jones_and_the_Temple_of_Doom_(1985_video_game)
indiana-jones-in-the-lost-kingdom	Indiana_Jones_in_the_Lost_Kingdom
infernal-runner	Infernal_Runner
infidel	Infidel_(video_game)
infiltrator	Infiltrator_(video_game)
ingrids-back	Ingrid's_Back
insector-x	Insector_X
inspector-gadget-and-the-circus-of-fear	Inspector_Gadget_and_the_Circus_of_Fear
institute	The_Institute_(video_game)
into-the-eagles-nest	Into_the_Eagle's_Nest
into-the-eagles-nest	Into_the_Eagle%27s_Nest
invaders-of-the-lost-tomb	Scarabaeus_(video_game)
invasion-of-the-body-snatchas	Invasion_of_the_Body_Snatchas!
iron-lord	Iron_Lord
ivan-ironman-stewarts-super-off-road	Super_Off_Road
iwo-jima	Iwo_Jima_(video_game)
jack-the-nipper-ii-in-coconut-capers	Jack_the_Nipper_II:_In_Coconut_Capers
jack-the-nipper	Jack_the_Nipper
jack-the-ripper_	Jack_the_Ripper_(1987_video_game)
james-bond-007_	James_Bond_007_(1983_video_game)
james-bond-007-in-the-living-daylights-the-computer-game	The_Living_Daylights_(video_game)
james-herberts-the-rats	The_Rats_(video_game)
jasons-gem	Jason's_Gem
jeff-waynes-video-game-version-of-the-war-of-the-worlds	The_War_of_the_Worlds_(1984_video_game)
jet-boot-jack	Jet-Boot_Jack
jet-set-willy-ii-the-final-frontier	Jet_Set_Willy_II
jet-set-willy	Jet_Set_Willy
jet-story	Jet-Story
jet	Jet_(video_game)
jetpac	Jetpac
jewels-of-darkness	Jewels_of_Darkness
jimmy-connors-pro-tennis-tour	Jimmy_Connors_Pro_Tennis_Tour
jinxter	Jinxter
jocky-wilsons-darts-challenge	Jocky_Wilson's_Darts_Challenge
jocky-wilsons-darts-challenge	Jocky_Wilson%27s_Darts_Challenge
joe-blade	Joe_Blade
john-andersons-rally-speedway	Rally_Speedway
john-elways-quarterback	John_Elway%27s_Quarterback
john-madden-football	John_Madden_Football_(1988_video_game)
journey-to-the-planets	Journey_to_the_Planets
joust-2-survival-of-the-fittest	Joust_2:_Survival_of_the_Fittest
joust	Joust_(video_game)
jr-pac-man	Jr._Pac-Man
jrr-tolkiens-war-in-middle-earth_	War_in_Middle_Earth
jumping-jack	Jumping_Jack_(video_game)
jumpman	Jumpman_(video_game)
jungle-hunt	Jungle_Hunt
juno-first	Juno_First
k-razy-shoot-out	K-Razy_Shoot-Out
kaboom	Kaboom!_(video_game)
kaiser	Kaiser_(video_game)
kaitei-takara-sagashi	Kaitei_Takara_Sagashi
kane	Kane_(video_game)
kangaroo	Kangaroo_(video_game)
karate-champ	Karate_Champ
Karateka_	Karateka_(video_game)
karateka	Karateka_(video_game)
keith-van-erons-pro-soccer	Microprose_Soccer
kennedy-approach	Kennedy_Approach
kenny-dalglish-soccer-manager	Kenny_Dalglish_Soccer_Manager
kenny-dalglish-soccer-match	Kenny_Dalglish_Soccer_Match
kentilla	Kentilla
keys-to-maramon	The_Keys_to_Maramon
keystone-kapers	Keystone_Kapers
kick-off	Kick_Off_(series)
kids-on-keys	Kids_on_Keys
kikstart-2	Kikstart_2
king-of-dragons	The_King_of_Dragons
king-of-fighters-2000	The_King_of_Fighters_2000
king-of-fighters-2001	The_King_of_Fighters_2001
king-of-fighters-94	The_King_of_Fighters_%2794
king-of-fighters-95	The_King_of_Fighters_%2795
king-of-fighters-96	The_King_of_Fighters_%2796
king-of-fighters-97	The_King_of_Fighters_%2797
king-of-the-monsters-2-the-next-thing	King_of_the_Monsters#King_of_the_Monsters_2
king-of-the-monsters	King_of_the_Monsters
kingdom-grandprix	Kingdom_Grand_Prix
kings-of-the-beach	Kings_of_the_Beach
kirel	Kirel
kizuna-encounter-super-tag-battle	Kizuna_Encounter
klax	Klax_(video_game)
knight-force	Knight_Force
knight-lore	Knight_Lore
knight-orc	Knight_Orc
knight-tyme	Knight_Tyme
knightmare_	Knightmare_(1987_video_game)
knights-of-legend	Knights_of_Legend
knights-of-the-desert	Knights_of_the_Desert
knights-of-the-round	Knights_of_the_Round_(video_game)
knot-in-3d	Knot_in_3D
knuckle-heads	Knuckle_Heads
kobyashi-naru	Kobyashi_Naru
kokotoni-wilf	Kokotoni_Wilf
kong-strikes-back	Kong_Strikes_Back!
koronis-rift	Koronis_Rift
krakout	Krakout
krystals-of-zong	Crystals_of_Zong
kung-fu-master	Kung-Fu_Master_(video_game)
kung-fu-the-way-of-the-exploding-fist	The_Way_of_the_Exploding_Fist
kwik-snax	Kwik_Snax
la-abada-del-crimen	La_Abad%C3%ADa_del_Crimen
labyrinth	Labyrinth:_The_Computer_Game
lady-bug	Lady_Bug_(video_game)
lamborghini-american-challenge	Lamborghini_American_Challenge
lancelot	Lancelot_(video_game)
laser-chess_	Laser_Chess
laser-hawk	Laser_Hawk
laser-squad	Laser_Squad
last-blade-2	The_Last_Blade_2
last-blade	The_Last_Blade
last-duel-inter-planet-war-2012	Last_Duel_(video_game)
last-mission_	Last_Mission_(video_game)
last-mission	The_Last_Mission_(video_game)
last-ninja-2-back-with-a-vengeance	Last_Ninja_2
last-ninja	The_Last_Ninja
last-resort	Last_Resort_(video_game)
last-v8	The_Last_V8
law-of-the-west	Law_of_the_West
lazy-jones	Lazy_Jones
leader-board	Leader_Board
learning-with-leeper	Learning_with_Leeper
leather-goddesses-of-phobos	Leather_Goddesses_of_Phobos
legacy-of-the-ancients	Legacy_of_the_Ancients
legend-of-hero-tonma	Legend_of_Hero_Tonma
legend-of-kage	The_Legend_of_Kage
legend-of-the-amazon-women	Legend_of_the_Amazon_Women
legionnaire	Legionnaire_(video_game)
legions-of-death	Legions_of_Death
lemmings	Lemmings_(video_game)
leprechaun	Leprechaun_(1982_video_game)
libble-rabble	Libble_Rabble
life-force	Salamander_(video_game)
light-corridor	The_Light_Corridor
lightforce	Light_Force_(video_game)
line-of-fire	Line_of_Fire_(video_game)
liquid-kids	Liquid_Kids
little-computer-people	Little_Computer_People
lock-n-chase	Lock_%27n%27_Chase
lock-on	Lock-On_(video_game)
loco_	Loco_(video_game)
loco-motion	Loco-Motion_(video_game)
lode-runner	Lode_Runner
lone-wolf-fire-on-the-water	Lone_Wolf_(gamebooks)#Video_games
lone-wolf-flight-from-the-dark	Lone_Wolf_(gamebooks)#Video_games
lone-wolf-the-mirror-of-death	Lone_Wolf_(gamebooks)#Video_games
loopz	Loopz
lords-of-chaos	Lords_of_Chaos_(video_game)
lords-of-conquest	Lords_of_Conquest
lords-of-time	Lords_of_Time
lords-of-time	Time_and_Magik
los-angeles-swat	L.A._SWAT
lost-crown-of-queen-anne	The_Lost_Crown_of_Queen_Anne
lotus-esprit-turbo-challenge	Lotus_(video_game_series)
lunar-jetman	Lunar_Jetman
lunar-leeper	Lunar_Leepers
lurking-horror	The_Lurking_Horror
macadam-bumper	Macadam_Bumper
mach-3	Mach_3_(video_game)
mad-nurse	Mad_Nurse
mad-planets	Mad_Planets
madballs	Madballs
magic-meanies	Magic_Meanies
magic-sword	Magic_Sword_(video_game)
magical-drop-ii	Magical_Drop#Magical_Drop_II_(%E3%83%9E%E3%82%B8%E3%82%AB%E3%83%AB%E3%83%89%E3%83%AD%E3%83%83%E3%83%972)
magical-drop-iii	Magical_Drop#Magical_Drop_III_(%E3%83%9E%E3%82%B8%E3%82%AB%E3%83%AB%E3%83%89%E3%83%AD%E3%83%83%E3%83%973)
magician-lord	Magician_Lord
magicland-dizzy	Magicland_Dizzy
mail-order-monsters	Mail_Order_Monsters
make-your-own-murder-party	Make_Your_Own_Murder_Party
manchester-united	Manchester_United_(video_game_series)
manic-miner	Manic_Miner
mantronix	Mantronix_(video_game)
marble-madness	Marble_Madness
mario-bros-ii	Mario_Bros._II
mario-bros	Mario_Bros.
mars-saga	Mars_Saga
marsport	Marsport
martianoids	Martianoids
marvel-land	Marvel_Land
mask-of-the-sun	The_Mask_of_the_Sun
master-of-magic-	Master_of_Magic_(1985_video_game)
master-of-the-lamps	Master_of_the_Lamps
masters-of-the-universe-super-adventure	Masters_of_the_Universe:_The_Super_Adventure
masters-of-the-universe-the-arcade-game	Masters_of_the_Universe:_The_Arcade_Game
masters-of-the-universe-the-movie	Masters_of_the_Universe:_The_Movie
match-day-ii	Match_Day_II
match-day	Match_Day
match-day	Match_Day_(video_game)
maziacs	Maziacs
mean-streets	Mean_Streets_(video_game)
mega-apocalypse	Mega_Apocalypse
mega-man-2-the-power-fighters	Mega_Man_2:_The_Power_Fighters
mega-man-the-power-battle	Mega_Man:_The_Power_Battle
megamania	Megamania
menace	Menace_(video_game)
mercenary	Mercenary_(video_game)
mercs	Mercs
mermaid-madness	Mermaid_Madness
metal-black	Metal_Black_(video_game)
metal-slug-2-super-vehicle-001ii	Metal_Slug_2
metal-slug-4	Metal_Slug_4
metal-slug-5	Metal_Slug_5
metal-slug-super-vehicle-001	Metal_Slug
metal-slug-x	Metal_Slug_2#Metal_Slug_X
metro-cross	Metro-Cross
mia-missing-in-action_	Missing_in_Action_(video_game)
miami-vice__	Miami_Vice_(video_game)
michael-jacksons-moonwalker_	Michael_Jackson%27s_Moonwalker
mickeys-space-adventure	Mickey%27s_Space_Adventure
micro-mouse-goes-de-bugging	Micro_Mouse_Goes_Debugging
microleague-action-sports-soccer	Manchester_United_(video_game_series)
microleague-action-sports-soccer	Manchester_United_Europe
microleague-baseball	MicroLeague_Baseball
midnight-resistance	Midnight_Resistance
midway-campaign	Midway_Campaign
mig-29-soviet-fighter	MiG-29:_Soviet_Fighter
might-and-magic-book-one-secret-of-the-inner-sanctum	Might_and_Magic_Book_One:_The_Secret_of_the_Inner_Sanctum
might-and-magic-ii-gates-to-another-world	Might_and_Magic_II:_Gates_to_Another_World
mighty-bombjack	Mighty_Bomb_Jack
mikie	Mikie
milk-race	Milk_Race_(video_game)
millipede	Millipede_(video_game)
mind-roll	Quedex
mindfighter	Mindfighter
mindshadow	Mindshadow_(video_game)
mindtrap	Mindtrap
mined-out	Mined-Out
miner-2049er	Miner_2049er
mini-putt	Mini-Putt
missile-command_	Missile_Command
mission-omega	Mission_Omega
mixed-up-mother-goose	Mixed-Up_Mother_Goose
modem-wars	Modem_Wars
moebius-the-orb-of-celestial-harmony	Moebius:_The_Orb_of_Celestial_Harmony
molar-maul	Molar_Maul
molecule-man	Molecule_Man_(video_game)
money-puzzle-exchanger	Money_Idol_Exchanger
monopoly_____	Monopoly_(1985_video_game)
monster-lair	Wonder_Boy_III:_Monster_Lair
monster-munch	Monster_Munch_(video_game)
monsters-in-hell	Monsters_in_Hell
montezumas-revenge	Montezuma%27s_Revenge_(video_game)
monty-is-innocent	Monty_Is_Innocent
monty-on-the-run	Monty_on_the_Run
moon-cresta	Moon_Cresta
moon-patrol	Moon_Patrol
moondust	Moondust_(video_game)
moonlight-madness	Moonlight_Madness_(video_game)
moonmist	Moonmist
moonwalker	Michael_Jackson's_Moonwalker
more-adventures-of-big-mac-the-mad-maintenance-man	Big_Mac_(video_game)
morpheus_	Morpheus_(1987_video_game)
mortal-kombat-3	Mortal_Kombat_3
mortal-kombat-ii	Mortal_Kombat_II
mortal-kombat	Mortal_Kombat_(1992_video_game)
motorace-usa	MotoRace_USA
motos	Motos
mountain-king	Mountain_King_(video_game)
mouse-trap	Mouse_Trap_(video_game)
movie	Movie_(video_game)
mr-do	Mr._Do!
mr-dos-castle	Mr._Do%27s_Castle
mr-dos-wild-ride	Mr._Do%27s_Wild_Ride
mr-robot-and-his-robot-factory	Mr._Robot_and_His_Robot_Factory
mr-wimpy-the-hamburger-game	Mr._Wimpy_(video_game)
ms-pac-man	Ms._Pac-Man
mugsy	Mugsy_(video_game)
mugsys-revenge	Mugsy's_Revenge
mule	M.U.L.E.
multi-player-soccer-manager	Multi-Player_Soccer_Manager
muncher_	The_Muncher
murder-off-miami	Murder_off_Miami
murder-on-the-mississippi	Murder_on_the_Mississippi
murder-on-the-zinderneuf	Murder_on_the_Zinderneuf
mushroom-alley	Mushroom_Alley
mutation-nation	Mutation_Nation
my-hero	My_Hero_(video_game)
my-name-is-uncle-groucho-you-win-a-fat-cigar	My_Name_Is_Uncle_Groucho,_You_Win_A_Fat_Cigar
myth-history-in-the-making	Myth:_History_in_the_Making
myth	Myth_(video_game)
mzg-procesor	M%C3%B3zgprocesor
nam-1975	NAM-1975
narc	Narc_(video_game)
nato-commander	NATO_Commander
naturix	Naturix
navy-seals_	Navy_SEALS_(video_game)
nba-hangtime	NBA_Hangtime
nba-hangtime	NBA_Hangtime#Maximum_Hangtime
nba-jam-tournament-edition	NBA_Jam_(1993_video_game)#Tournament_Edition
nba-jam	NBA_Jam_(1993_video_game)
necromancer	Necromancer_(video_game)
neo-bomberman	Neo_Bomberman
neo-turf-masters	Neo_Turf_Masters
nether-earth	Nether_Earth
netherworld	Netherworld_(video_game)
neuromancer	Neuromancer_(video_game)
new-atomic-punk-global-quest	Bomber_Man_World
new-rally-x	New_Rally-X
new-york-city	New_York_City_(video_game)
nhl-open-ice-2-on-2-challenge	2_on_2_Open_Ice_Challenge
night-driver	Night_Driver_(video_game)
night-shift	Night_Shift_(video_game)
nightmare-in-the-dark	Nightmare_in_the_Dark
nightshade__	Nightshade_(1985_video_game)
nine-princes-in-amber	Nine_Princes_in_Amber_(video_game)
ninja_	Ninja_(1986_video_game)
ninja-commando	Ninja_Commando
ninja-hamster	Ninja_Hamster
ninja-masters	Ninja_Master%27s:_Ha%C5%8D_Ninp%C5%8D_Ch%C5%8D
ninja-spirit	Ninja_Spirit
nodes-of-yesod	Nodes_of_Yesod
nonterraqueous	Nonterraqueous
nord-and-bert-couldnt-make-head-or-tail-of-it	Nord_and_Bert_Couldn%27t_Make_Head_or_Tail_of_It
norway-1985	Norway_1985
nosferatu-the-vampyre	Nosferatu_the_Vampyre_(video_game)
nostradamus	Nostradamus_(video_game)
numan-athletics	Numan_Athletics
obliterator	Obliterator
oh-mummy	Oh_Mummy
oil-barons	Oil_Barons
oils-well_	Oil%27s_Well
olli-lissa-3-the-candlelight-adventure	Olli_%26_Lissa
olli-lissa-ii-halloween	Olli_%26_Lissa
olli-lissa-the-ghost-of-shilmore-castle	Olli_%26_Lissa
omega-race	Omega_Race
one-man-and-his-droid	One_Man_and_His_Droid
one-on-one	One_on_One:_Dr._J_vs._Larry_Bird
operation-thunderbolt	Operation_Thunderbolt_(video_game)
operation-wolf	Operation_Wolf
orc-attack-you-against-the-hordes	Orc_Attack
ordyne	Ordyne
osman	Osman_(video_game)
outfoxies	The_Outfoxies
outlaws_	Outlaws_(1985_video_game)
outrun	Out_Run
pac-land	Pac-Land
pac-man	Pac-Man
pac-mania	Pac-Mania
pac-pal	Pac_&_Pal
pacific-coast-highway	Pacific_Coast_Highway_(video_game)
palamedes	Palamedes_(video_game)
panther_	Panther_(1986_video_game)
panzer-strike	Panzer_Strike
paperboy-2	Paperboy_2
paperboy	Paperboy_(video_game)
parallax	Parallax_(video_game)
park-patrol	Park_Patrol
parodius	Parodius!_From_Myth_to_Laughter
patton-vs-rommel	Patton_Versus_Rommel
pawn	The_Pawn
pedro	Pedro_(video_game)
pegasus-bridge	Pegasus_Bridge_(video_game)
penetrator	Penetrator_(video_game)
pengo	Pengo_(video_game)
pentagram	Pentagram_(video_game)
pepper-ii	Pepper_II
perry-mason-the-case-of-the-mandarin-murder	Perry_Mason:_The_Case_of_the_Mandarin_Murder
perseus-andromeda	Perseus_and_Andromeda_(video_game)
persian-gulf-inferno	Persian_Gulf_Inferno
petch	Pengo_(video_game)
peter-beardsleys-international-football	Peter_Beardsley's_International_Football
peter-beardsleys-international-football	Peter_Beardsley%27s_International_Football
peter-pack-rat	Peter_Pack_Rat
peter-shiltons-handball-maradona	Peter_Shilton's_Handball_Maradona
peter-shiltons-handball-maradona	Peter_Shilton%27s_Handball_Maradona
phantasie-ii	Phantasie_II
phantasie-iii-the-wrath-of-nikademus	Phantasie_III
phantasie	Phantasie_(video_game)
phantom-club	Phantom_Club
pharaohs-curse	Pharaoh%27s_Curse_(video_game)
phelios	Phelios
phm-pegasus	PHM_Pegasus
phoenix_	Phoenix_(video_game)
phozon	Phozon
picnic-paranoia	Picnic_Paranoia_(video_game)
pigskin-621-ad	Pigskin_621_A.D.
pimania	Pimania
ping-pong	Konami's_Ping_Pong
pipe-dream	Pipe_Mania
pirate-adventure	Pirate_Adventure
pit-fighter	Pit-Fighter
pit	The_Pit_(video_game)
pitfall-ii-lost-caverns	Pitfall_II:_Lost_Caverns
pitfall	Pitfall!
pitstop-ii	Pitstop_II
pitstop	Pitstop_(video_game)
planetfall	Planetfall
platoon	Platoon_(1987_video_game)
plot_	The_Plot_(video_game)
plotting	Plotting_(video_game)
plundered-hearts	Plundered_Hearts
pogo-joe	Pogo_Joe
point-blank	Point_Blank_(1994_video_game)
polaris	Polaris_(video_game)
pole-position-ii	Pole_Position_II
pole-position	Pole_Position
pole-position	Pole_Position_(video_game)
police-trainer-property-of-metro-police-academy	Police_Trainer
pollux	Pollux_(video_game)
poly-play	Poly_Play
pool-of-radiance	Pool_of_Radiance
pooyan	Pooyan
popeye	Popeye_(video_game)
porkys	Porky%27s_(video_game)
potty-painter-in-the-jungle	Potty_Painter
power-drift	Power_Drift
power-instinct	Power_Instinct#Power_Instinct
power	Critical_Mass_(1985_video_game)
preppie	Preppie!_(video_game)
president-elect-1988-edition	President_Elect_(video_game)
president-elect	President_Elect_(video_game)
price-of-magik	Time_and_Magik
professional-ski-simulator	Professional_Ski_Simulator
progear	Progear
project-firestart	Project_Firestart
project-space-station	Project_Space_Station
protector__	Protector_(video_game)
psi-5-trading-co	Psi-5_Trading_Company
pssst	Pssst
psycho-nics-oscar-	Psycho-Nics_Oscar
psycho-pigs-uxb	Butasan
psycho-soldier	Psycho_Soldier
pub-darts	180_(video_game)
pud-pud-in-weird-world	Pud_Pud_in_Weird_World
puffys-saga	Puffy's_Saga
puffys-saga	Puffy%27s_Saga
pulirula	PuLiRuLa
pulstar	Pulstar_(video_game)
punisher__	The_Punisher_(1993_video_game)
puszka-pandory	Puszka_Pandory
puyo-puyo_	Puyo_Puyo_(video_game)
puyo-puyo-2	Puyo_Puyo_2
puzzle-de-pon	Puzzle_De_Pon
puzzlepanic	Puzzle_Panic
puzznic	Puzznic
pyjamarama	Pyjamarama
qbert	Q*bert
qbert	Q%2Abert
qberts-qubes	Q*bert#Q*bert's_Qubes
qix	Qix
quadrax	Quadrax
quake-minus-one	Quake_Minus_One
quartet	Quartet_(video_game)
quazatron	Quazatron
quest	The_Quest_(1983_video_game)
quester	Quester
questprobe-featuring-human-torch-and-the-thing	Questprobe
questron-ii	Questron_(video_game)
questron	Questron_(video_game)
quo-vadis	Quo_Vadis_(video_game)
r-type-ii	R-Type_II
r-type-leo	R-Type_Leo
r-type	R-Type
racing-destruction-set	Racing_Destruction_Set
rad-warrior	The_Sacred_Armour_of_Antiriad
radar-rat-race	Radar_Rat_Race
ragnagard	Ragnagard
rags-to-riches	Rags_to_Riches_(video_game)
raid-on-bungeling-bay	Raid_on_Bungeling_Bay
raid-over-moscow	Raid_over_Moscow
raiden-dx	Raiden_DX
raiden-ii	Raiden_II
raiden	Raiden_(video_game)
rainbow-islands	Rainbow_Islands:_The_Story_of_Bubble_Bobble_2
rainbow-walker	Rainbow_Walker
rambo-first-blood-part-ii__	Rambo_(1985_video_game)
rambo-iii___	Rambo_III_(video_game)
rambo-iii	Rambo_III_(video_game)
rampage-world-tour	Rampage_World_Tour
rampage	Rampage_(video_game)
rampart	Rampart_(video_game)
rastan	Rastan_(video_game)
raster-blaster	Raster_Blaster
rasterscan	Rasterscan
rdf-1985	RDF_1985
reach-for-the-stars-the-conquest-of-the-galaxy	Reach_for_the_Stars_(video_game)
real-bout-fatal-fury-2-the-newcomers	Real_Bout_Fatal_Fury_2:_The_Newcomers
real-bout-fatal-fury-special	Real_Bout_Fatal_Fury_Special
real-bout-fatal-fury	Real_Bout_Fatal_Fury
realsports-football	RealSports_Football
rebel-planet	Rebel_Planet_(video_game)
rebelstar-ii-alien-encounter	Rebelstar_II
rebelstar-raiders	Rebelstar_Raiders
rebelstar	Rebelstar_(video_game)
red-moon	Time_and_Magik
relief-pitcher	Relief_Pitcher_(video_game)
rendezvous-with-rama	Rendezvous_with_Rama_(video_game)
renegade-iii-the-final-chapter	Renegade_III:_The_Final_Chapter
renegade	Renegade_(video_game)
repton-mania	Repton_(video_game)
repton	Repton_(1983_video_game)
repulsar	Repulsar
rescue_	Rescue_(video_game)
rescue-on-fractalus	Rescue_on_Fractalus!
return-of-ishtar	The_Return_of_Ishtar
return-to-eden	Silicon_Dreams
revenge-of-the-mutant-camels	Revenge_of_the_Mutant_Camels
revolution_	Revolution_(video_game)
revolution-x	Revolution_X
revs	Revs_(video_game)
rex	Rex_(video_game)
richard-pettys-talladega	Richard_Petty%27s_Talladega
rick-dangerous	Rick_Dangerous
rick-daviss-world-trophy-soccer	World_Cup_Soccer:_Italia_%2790
rigels-revenge	Rigel's_Revenge
rigels-revenge	Rigel%27s_Revenge
ring-king_	Ring_King
rings-of-medusa	Rings_of_Medusa
riot-city	Riot_City
river-raid	River_Raid
river-rescue-racing-against-time	River_Rescue
road-fighter	Road_Fighter
road-runner	Road_Runner_(video_game)
roadwar-2000	Roadwar_2000
roadwar-europa	Roadwar_2000
roadwars	Roadwars
robbo	Robbo_(video_game)
robin-of-sherlock	Robin_of_Sherlock
robin-of-the-wood	Robin_of_the_Wood
robocop-2______	List_of_RoboCop_video_games#RoboCop_2
robocop-3__	RoboCop_3_(video_game)
robotron-2084	Robotron:_2084
rock-n-bolt	Rock_n%27_Bolt
rock-olas-nibbler	Nibbler_(video_game)
rock-star-ate-my-hamster	Rock_Star_Ate_My_Hamster
rocket-ranger	Rocket_Ranger
rockford-the-arcade-game	Rockford_(video_game)
rocky-horror-show	The_Rocky_Horror_Show_(video_game)
rodland	Rod_Land
rogue-trooper__	Rogue_Trooper_video_games
rogue	Rogue_(video_game)
rollaround	Rollaround
roller-coaster	Roller_Coaster_(video_game)
rolling-thunder-2	Rolling_Thunder_2
rolling-thunder	Rolling_Thunder_(video_game)
rommels-revenge	Rommel's_Revenge
rompers	Rompers_(video_game)
roy-of-the-rovers	Roy_of_the_Rovers
rubicon-alliance	Starfox
rupert-and-the-ice-castle	Rupert_and_the_Ice_Castle
rupert-and-the-toymakers-party	Rupert_and_the_Toymaker's_Party
rushn-attack	Rush%27n_Attack
rygar_	Rygar
saboten-bombers	Saboten_Bombers
saboteur-ii	Saboteur_II:_Avenging_Angel
saboteur	Saboteur_(1985_video_game)
sabre-wulf	Sabre_Wulf
saga-of-erik-the-viking	Erik_the_Viking_(video_game)
salmon-run	Salmon_Run_(video_game)
samantha-fox-strip-poker	Samantha_Fox_Strip_Poker
sammy-lightfoot	Sammy_Lightfoot
samurai-shodown-ii	Samurai_Shodown_II
samurai-shodown-iii-blades-of-blood	Samurai_Shodown_III
samurai-shodown-iv-amakusas-revenge	Samurai_Shodown_IV
samurai-shodown	Samurai_Shodown_(video_game)
samurai-warrior-the-battles-of-usagi-yojimbo	Samurai_Warrior:_The_Battles_of_Usagi_Yojimbo
sanxion	Sanxion
sarge	Sarge_(video_game)
sargon-iii	Sargon_(chess)
satans-hollow	Satan%27s_Hollow
saturday-night-slam-masters	Saturday_Night_Slam_Masters
saucer-attack	Saucer_Attack
savage-pond	Savage_Pond
savage-reign	Savage_Reign
savage	Savage_(video_game)
save-new-york	Save_New_York
scapeghost	Scapeghost
schmeiser-robo	Schmeiser_Robo
sci-special-criminal-investigation	Special_Criminal_Investigation
scooby-doo	Scooby-Doo_(video_game)
scott-adams-graphic-adventure-1-adventureland	Adventureland_(video_game)
scott-adams-graphic-adventure-4-voodoo-castle	Voodoo_Castle
scott-adams-graphic-adventure-6-strange-odyssey	Strange_Odyssey
scramble-spirits	Scramble_Spirits
sea-dragon	Sea_Dragon_(video_game)
seabase-delta	Seabase_Delta
seastalker	Seastalker
secret-of-the-silver-blades	Secret_of_the_Silver_Blades
sengoku-2	Sengoku_2_(1993_video_game)
sengoku	Sengoku_(1991_video_game)
senjyo-	Senjyo
sentinel-worlds-i-future-magic	Sentinel_Worlds_I:_Future_Magic
sentry_	The_Sentinel_(video_game)
serpentine	Serpentine_(video_game)
serpents-star	The_Serpent%27s_Star
seven-cities-of-gold	The_Seven_Cities_of_Gold_(video_game)
seymour-goes-to-hollywood	Seymour_Goes_to_Hollywood
shadow-dancer	Shadow_Dancer
shadowfire	Shadowfire_(video_game)
shadows-of-mordor	Shadows_of_Mordor
shamus-case-ii	Shamus:_Case_II
shamus	Shamus_(video_game)
shanghai	Shanghai_(video_game)
shao-lins-road	Shao-lin's_Road
shard-of-spring	Shard_of_Spring
sheep-in-space	Sheep_in_Space
sherlock-the-riddle-of-the-crown-jewels	Sherlock:_The_Riddle_of_the_Crown_Jewels
sherlock	Sherlock_(video_game)
shinobi	Shinobi_(video_game)
shock-troopers-2nd-squad	Shock_Troopers:_2nd_Squad
shock-troopers	Shock_Troopers
shockway-rider	Shockway_Rider
shogun-warriors	Shogun_Warriors_(video_game)
short-circuit_	Short_Circuit_(video_game)
side-arms-hyper-dyne	Hyper_Dyne_Side_Arms
sidewize	Sidewize
silent-service	Silent_Service_(video_game)
silicon-dreams	Silicon_Dreams
silkworm	Silkworm_(video_game)
simcity	SimCity_(1989_video_game)
simearth-the-living-planet	SimEarth
simpsons	The_Simpsons_(video_game)
sinistar	Sinistar
sir-lancelot-	Sir_Lancelot_(video_game)
siren-city	Siren_City
skate-or-die	Skate_or_Die!
skateball	Skateball
skool-daze	Skool_Daze
skull-crossbones	Skull_&_Crossbones
skull-crossbones	Skull_%26_Crossbones
sky-runner	Sky_Runner
sky-shark	Flying_Shark
skyfox	Skyfox_(1984_video_game)
slightly-magic	Slightly_Magic
smash-tv	Smash_TV
snake-byte	Snake_Byte
snooper-troops-case-2-the-case-of-the-disappearing-dolphin	Snooper_Troops
snooper-troops	Snooper_Troops
snow-queen_	The_Snow_Queen_(video_game)
snowball	Silicon_Dreams
soccer-brawl	Soccer_Brawl
softporn-adventure	Softporn_Adventure
software-star	Software_Star
soko-ban	Sokoban_(video_game)
solar-fox	Solar_Fox
solo-flight	Solo_Flight_(video_game)
solomons-key	Solomon's_Key
son-of-blagger	Son_of_Blagger
sonic-boom	Sonic_Boom_(1987_video_game)
sorcer-striker	Sorcer_Striker
sorcerer-lord	Sorcerer_Lord
sorcerer	Sorcerer_(video_game)
soul-of-a-robot	Soul_of_a_Robot
southern-belle	Southern_Belle_(video_game)
space-crusade	Space_Crusade_(video_game)
space-dungeon	Space_Dungeon
space-fury	Space_Fury
space-gun	Space_Gun_(video_game)
space-harrier-ii	Space_Harrier_II
space-harrier	Space_Harrier
space-invaders________	Space_Invaders
space-invaders-dx	Space_Invaders_DX
space-panic	Space_Panic
space-pilot_	Space_Pilot
space-school-simulator-the-academy	Academy_(video_game)
space-shuttle-a-journey-into-space	Space_Shuttle:_A_Journey_into_Space
space-station-oblivion	Driller_(video_game)
spectrum-safari	Spectrum_Safari
speed-buggy	Buggy_Boy
spell-of-destruction	Wizardry_(The_Edge)
spellbound-dizzy	Spellbound_Dizzy
spellbound	Spellbound_(video_game)
spellbreaker	Spellbreaker
spelunker	Spelunker_(video_game)
spider-man	Questprobe
spiderbot	Arac_(video_game)
spindizzy	Spindizzy_(video_game)
spitfire-ace	Spitfire_Ace
spitting-image-the-computer-game	Spitting_Image_(video_game)
splat_	Splat!_(video_game)
splatterhouse	Splatterhouse
split-personalities	Split_Personalities_(video_game)
spooks	Spooks_(video_game)
spore__	Spore_(1987_video_game)
sporting-triangles	Sporting_Triangles
sports-a-roni	Alternative_World_Games
spy-hunter-ii	Spy_Hunter_II
spy-hunter	Spy_Hunter
spy-vs-spy	Spy_vs._Spy_(1984_video_game)
spys-demise	Spy%27s_Demise
squish-em	Squish_%27em
staff-of-karnath	The_Staff_of_Karnath
star-control	Star_Control
star-paws	Star_Paws
star-raiders-ii	Star_Raiders_II
star-raiders	Star_Raiders
star-rank-boxing	Barry_McGuigan_World_Championship_Boxing
star-trek-strategic-operations-simulator	Star_Trek_(arcade_game)
star-trek-the-kobayashi-alternative	Star_Trek:_The_Kobayashi_Alternative
star-trek-the-promethean-prophecy	Star_Trek:_The_Promethean_Prophecy
star-wars-return-of-the-jedi-death-star-battle	Return_of_the_Jedi:_Death_Star_Battle
star-wars-return-of-the-jedi	Star_Wars:_Return_of_the_Jedi_(1984_video_game)
star-wars-return-of-the-jedi	Star_Wars:_Return_of_the_Jedi_(video_game)
star-wars-the-empire-strikes-back__	Star_Wars:_The_Empire_Strikes_Back_(1985_video_game)
star-wars	Star_Wars_(1983_video_game)
star-wreck	Star_Wreck_(video_game)
starcross	Starcross_(video_game)
starflight	Starflight
stargate	Stargate_(video_game)
starglider-ii	Starglider_2
starglider	Starglider
starquake	Starquake_(video_game)
starquest-star-warrior	Star_Warrior
stationfall	Stationfall
steel-talons	Steel_Talons
steg-the-slug	Steg_(video_game)
stellar-7_	Stellar_7
steve-davis-snooker	Steve_Davis_Snooker
stifflip-co	Stifflip_%26_Co.
stonkers	Stonkers
stop-the-express	Stop_the_Express
storm-across-europe	Storm_Across_Europe
stormbringer	Stormbringer_(video_game)
stormlord	Stormlord
strange-odyssey	Strange_Odyssey
streaker	Streaker_(video_game)
street-fighter-alpha-2	Street_Fighter_Alpha_2
street-fighter-ii-turbo	Street_Fighter_II_Turbo:_Hyper_Fighting
street-hawk	Street_Hawk_(video_game)
street-rod	Street_Rod_(video_game)
street-sports-basketball	Street_Sports_Basketball
streets-of-london	Streets_of_London_(video_game)
strike-aces	Fighter_Bomber_(video_game)
strike-force-cobra	Strike_Force:_Cobra
strike-force	Strike_Force_(video_game)
strike-gunner-stg	Strike_Gunner_S.T.G.
strikers-1945_	Strikers_1945
strip-poker-a-sizzling-game-of-chance	Strip_Poker_(video_game_series)
stroker	Stroker
stun-runner	S.T.U.N._Runner
stunt-track-racer	Stunt_Car_Racer
submarine-commander_	Submarine_Commander
subsunk	Subsunk
summer-games	Summer_Games_(video_game)
super-baseball-2020	Super_Baseball_2020
super-breakout	Super_Breakout
super-cars	Super_Cars
super-cobra	Super_Cobra
super-dodge-ball_	Super_Dodge_Ball
super-gran-the-adventure	Super_Gran:_The_Adventure
super-gran	Super_Gran_(video_game)
super-hang-on	Super_Hang-On
super-monaco-gp	Super_Monaco_GP
super-pac-man	Super_Pac-Man
super-pipeline	Super_Pipeline
super-puzzle-fighter-ii-turbo	Super_Puzzle_Fighter_II_Turbo
super-robin-hood	Super_Robin_Hood
super-sprint	Super_Sprint
super-trolley	Super_Trolley
super-world-court	Super_World_Court
super-xevious	Super_Xevious
super-zaxxon	Zaxxon#Sequels
superior-soldiers	Superior_Soldiers
superman_____	Superman_(arcade_game)
superman-the-man-of-steel__	Superman:_The_Man_of_Steel_(1989_video_game)
superstar-ice-hockey	Superstar_Ice_Hockey
superstar-indoor-sports	Indoor_Sports
superstar-soccer	Gary_Lineker's_Superstar_Soccer
superstar-soccer	Gary_Lineker%27s_Superstar_Soccer
survivor_	Survivor_(1987_video_game)
survivor	Survivor_(1982_video_game)
survivors	Survivors_(video_game)
suspect	Suspect_(video_game)
suspended	Suspended_(video_game)
sweevos-world	Sweevo's_World
swiv	SWIV
swords-sorcery	Swords_and_Sorcery_(video_game)
tacscan	Tac/Scan
tag-team-wrestling	Tag_Team_Wrestling
tales-of-the-arabian-nights	Arabian_(video_game)
tales-of-the-arabian-nights	Tales_of_the_Arabian_Nights_(computer_game)
tales-of-the-unknown-volume-i-the-bards-tale	The_Bard's_Tale_(1985_video_game)
tales-of-the-unknown-volume-i-the-bards-tale	The_Bard%27s_Tale_(1985_video_game)
talisman__	Talisman_(video_game)
tangled-tales	Tangled_Tales:_The_Misadventures_of_a_Wizard%27s_Apprentice
tank-force	Tank_Force
tapper	Tapper
tapper	Tapper_(video_game)
targ	Targ_(video_game)
target-renegade	Target:_Renegade
tass-times-in-tonetown	Tass_Times_in_Tonetown
tau-ceti-the-lost-star-colony	Tau_Ceti_(video_game)
tau-ceti	Tau_Ceti_(video_game)
technician-ted	Technician_Ted
techno-cop	Techno_Cop
tecmo-bowl	Tecmo_Bowl
teddy-boy	Teddy_Boy_Blues
teenage-mutant-ninja-turtles__	Teenage_Mutant_Ninja_Turtles_(NES_video_game)
teenage-mutant-ninja-turtles-turtles-in-time	Teenage_Mutant_Ninja_Turtles:_Turtles_in_Time
teenage-mutant-ninja-turtles	Teenage_Mutant_Ninja_Turtles_(arcade_game)
tehkan-world-cup	Tehkan_World_Cup
tekken-tag-tournament	Tekken_Tag_Tournament
telengard	Telengard
tempest	Tempest_(video_game)
temple-of-apshai-trilogy	Temple_of_Apshai
terminator-2-judgment-day___	Terminator_2:_Judgment_Day_(arcade_game)
terra-cresta_	Terra_Cresta
terrormolinos	Terrormolinos
terrorpods	Terrorpods
test-drive	Test_Drive_(video_game)
tetris_atari	Tetris_(Atari)
tetris_sega	Tetris#Sega
tetris-2-	Tetris_2_(1990_video_game)
thanatos	Thanatos_(video_game)
theatre-europe	Theatre_Europe
they-tole-a-million	They_Stole_a_Million
thing-on-a-spring	Thing_on_a_Spring
three-musketeers	The_Three_Musketeers_(1987_video_game)
three-stooges-in-brides-is-brides	The_Three_Stooges_(arcade_game)
three-stooges	The_Three_Stooges_(video_game)
three-weeks-in-paradise	Three_Weeks_in_Paradise
throne-of-fire	Throne_of_Fire
thrust	Thrust_(video_game)
thud-ridge-american-aces-in-nam	Thud_Ridge:_American_Aces_In_%27Nam
thunder-cross-ii	Thunder_Cross_II
thunder-fox	Thunder_Fox
thunderblade	Thunder_Blade
thundercade	Thundercade
thundercats	ThunderCats_(1987_video_game)
thunderjaws	ThunderJaws
tiger-road	Tiger_Road
timber	Timber_(video_game)
time-and-magik-the-trilogy	Time_and_Magik
time-gate	Time-Gate
time-killers	Time_Killers
time-soldiers	Time_Soldiers
time-tunnel	Time_Tunnel_(video_game)
times-of-lore	Times_of_Lore
tintin-on-the-moon	Tintin_on_the_Moon
tir-na-nog	Tir_Na_Nog_(video_game)
titan	Titan_(1988_video_game)
to-hell-and-back	To_Hell_and_Back_(video_game)
tobruk-the-clash-of-armour	Tobruk_(video_game)
tomcat	Tomcat_(video_game)
tongue-of-the-fatman	Tongue_of_the_Fatman
tony-la-russas-ultimate-baseball	Tony_La_Russa_Baseball
toobin	Toobin'
toobin	Toobin%27
tooth-invaders	Tooth_Invaders
top-hunter-roddy-cathy	Top_Hunter:_Roddy_&_Cathy
total-carnage	Total_Carnage
total-eclipse	Total_Eclipse_(1988_video_game)
tough-turf	Tough_Turf
tower-of-despair	Tower_of_Despair
tower-of-druaga	The_Tower_of_Druaga
tower-toppler	Nebulus_(video_game)
toy-pop	Toy_Pop
toyota-celica-gt-rally	Toyota_Celica_GT
track-field	Track_%26_Field_(video_game)
tracksuit-manager	Tracksuit_Manager
trailblazer	Trailblazer_(video_game)
train-escape-to-normandy	The_Train:_Escape_to_Normandy
train-game	The_Train_Game
transformers__	The_Transformers_(1986_video_game)
transformers-battle-to-save-the-earth	Transformers:_The_Battle_to_Save_the_Earth
transylvania	Transylvania_(series)
trantor-the-last-stormtrooper	Trantor:_The_Last_Stormtrooper
tranz-am	Tranz_Am
trap-door	The_Trap_Door_(video_game)
trashman	Trashman_(video_game)
treasure-island_____	Treasure_Island_(video_game)
treasure-island-dizzy	Treasure_Island_Dizzy
trog	Trog_(video_game)
trollie-wallie	Trollie_Wallie
tron	Tron_(video_game)
tumble-pop	Tumblepop
turbo-esprit	Turbo_Esprit
turbo-out-run	Turbo_Outrun
turbo-the-tortoise	Turbo_the_Tortoise
turmoil_	Turmoil_(1984_video_game)
turrican-ii-the-final-fight	Turrican_II:_The_Final_Fight
turrican	Turrican
twin-eagle	Twin_Eagle
twin-kingdom-valley	Twin_Kingdom_Valley
twinkle-star-sprites	Twinkle_Star_Sprites
twinworld-land-of-vision	Twinworld
ugh	Ugh!
ultima-ii-the-revenge-of-the-enchantress	Ultima_II:_The_Revenge_of_the_Enchantress
ultima-v-warriors-of-destiny	Ultima_V:_Warriors_of_Destiny
ultima-vi-the-false-prophet	Ultima_VI:_The_False_Prophet
ultimate-wizard	Wizard_(1983_video_game)
undercover-cops	Undercover_Cops
underwurlde	Underwurlde
universal-hero	Universal_Hero
up-n-down	Up%27n_Down
urban-upstart	Urban_Upstart
uridium	Uridium
us-championship-vball	U.S._Championship_V%27Ball
uuno-turhapuro-muuttaa-maalle	Uuno_Turhapuro_muuttaa_maalle_(video_game)
v	V_(video_game)
valhalla	Valhalla_(video_game)
valkyrie-no-densetsu	Valkyrie_no_Densetsu
varth-operation-thunderstorm	Varth:_Operation_Thunderstorm
vendetta	Vendetta_(1989_video_game)
venture	Venture_(video_game)
viewpoint	Viewpoint_(video_game)
vigilante	Vigilante_(video_game)
vindicators	Vindicators
vixen	Vixen_(video_game)
volcanic-dungeon	Volcanic_Dungeon
volfied	Volfied
voltage-fighter-gowcaizer	Voltage_Fighter_Gowcaizer
voyage-into-the-unknown	Voyage_into_the_Unknown
wacko	Wacko
wacky-races_	Wacky_Races_(1991_video_game)
waddingtons-deluxe-monopoly	Monopoly_(1985_video_game)
waku-waku-7	Waku_Waku_7
wanted-monty-mole_	Wanted:_Monty_Mole
wanted-monty-mole	Wanted:_Monty_Mole
war_	W.A.R.
war-hawk	Warhawk_(1986_video_game)
war	W.A.R.
wargame-construction-set	Wargame_Construction_Set
wargames-	WarGames_(video_game)
warlock-of-firetop-mountain	The_Warlock_of_Firetop_Mountain_(video_game)
warp-warp	Warp_&_Warp
warrior-blade-rastan-saga-episode-iii-	Warrior_Blade:_Rastan_Saga_Episode_III
warriors-of-fate	Warriors_of_Fate
wasteland	Wasteland_(video_game)
wavy-navy	Wavy_Navy_(video_game)
waxworks_	Waxworks_(1983_video_game)
way-of-the-tiger	Way_of_the_Tiger_(video_game)
wayout	Wayout
wec-le-mans	WEC_Le_Mans
weird-dreams	Weird_Dreams
welltris	Welltris
werewolves-of-london	Werewolves_of_London_(video_game)
where-in-europe-is-carmen-sandiego	Where_in_Europe_Is_Carmen_Sandiego%3F
where-in-the-usa-is-carmen-sandiego	Where_in_the_U.S.A._Is_Carmen_Sandiego%3F_(1986_video_game)
where-in-the-world-is-carmen-sandiego	Where_in_the_World_Is_Carmen_Sandiego%3F_(1985_video_game)
where-in-time-is-carmen-sandiego	Where_in_Time_Is_Carmen_Sandiego%3F_(video_game)
where-time-stood-still	Where_Time_Stood_Still
who-dares-wins-ii	Who_Dares_Wins_II
who-framed-roger-rabbit	Who_Framed_Roger_Rabbit_(1988_video_game)
wicked	Wicked_(video_game)
wild-bunch	The_Wild_Bunch_(video_game)
william-wobbler	William_Wobbler
willow_	Willow_(video_game)
windjammers	Windjammers_(video_game)
winged-warlords	Winged_Warlords
wings-of-fury	Wings_of_Fury
winnie-the-pooh-in-the-hundred-acre-wood	Winnie_the_Pooh_in_the_Hundred_Acre_Wood
winter-games	Winter_Games
wishbringer	Wishbringer
witness	The_Witness_(1983_video_game)
wizard-of-oz	The_Wizard_of_Oz_(1985_video_game)
wizard-of-wor	Wizard_of_Wor
wizardry-knight-of-diamonds-the-second-scenario	Wizardry_II:_The_Knight_of_Diamonds
wizardry-legacy-of-llylgamyn-the-third-scenario	Wizardry_III:_Legacy_of_Llylgamyn
wizardry-proving-grounds-of-the-mad-overlord	Wizardry:_Proving_Grounds_of_the_Mad_Overlord
wizards-crown	Wizard%27s_Crown
wizball	Wizball
wolfman	Wolfman_(video_game)
wonder-boy-in-monster-land	Wonder_Boy_in_Monster_Land
wonder-boy	Wonder_Boy_(video_game)
wonder-momo	Wonder_Momo
world-championship-soccer	World_Championship_Soccer
world-class-leader-board	Leader_Board
world-class-soccer	Italy_1990_(video_game)
world-cup-carnival	World_Cup_Carnival
world-heroes-2-jet	World_Heroes_2_Jet
world-heroes-2	World_Heroes_2
world-heroes-perfect	World_Heroes_Perfect
world-heroes	World_Heroes_(video_game)
world-karate-championship	International_Karate
world-rugby	World_Rugby_(video_game)
worm-in-paradise	Silicon_Dreams
worms___	Worms%3F
wrestle-war	Wrestle_War_(video_game)
wriggler	Wriggler_(video_game)
wwf-european-rampage-tour	WWF_European_Rampage_Tour
wwf-superstars_	WWF_Superstars
wwf-wrestlefest	WWF_WrestleFest
x-men___	X-Men_(1992_video_game)
x-multiply	XMultiply
x-out	X-Out_(video_game)
xeno	Xeno_(video_game)
xenomorph	Xenomorph_(video_game)
xenon	Xenon_(video_game)
xenophobe	Xenophobe_(video_game)
xevious	Xevious
xor	XOR_(video_game)
xybots	Xybots
xyphus	Xyphus
yie-ar-kung-fu-2-the-emperor-yie-gah	Yie_Ar_Kung-Fu_II
yie-ar-kung-fu	Yie_Ar_Kung-Fu
zak-mckracken-and-the-alien-mindbenders	Zak_McKracken_and_the_Alien_Mindbenders
zaxxon	Zaxxon
zed-blade	Zed_Blade
zektor	Zektor
zenji	Zenji_(video_game)
zig-zag__	Zig_Zag_(video_game)
zig-zag_	Zig_Zag_(video_game)
zip-zap	Zip_Zap
zoids	Zoids:_The_Battle_Begins
zombi	Zombi_(1986_video_game)
zombie-raid	Zombie_Raid
zombie-zombie	Zombie_Zombie
zombies_	Realm_of_Impossibility
zoo-keeper_	Zoo_Keeper_(1982_video_game)
zork-ii-the-wizard-of-frobozz	Zork_II
zork-iii-the-dungeon-master	Zork_III
zork-the-great-underground-empire	Zork_I
zork-the-undiscovered-underground	Zork:_The_Undiscovered_Underground
zorro_	Zorro_(video_game)
zub	Zub
zybex	Zybex
zynaps	Zynaps
zzoom	Zzoom
zzyzzyxx	Zzyzzyxx
